{"cameraMode":{"drawMode":0,"name":"Shaded","section":"Shading Mode"},"sceneLighting":true,"audioPlay":false,"sceneViewState":{"showFog":true,"showMaterialUpdate":false,"showSkybox":true,"showFlares":true,"showImageEffects":true,"showParticleSystems":true},"in2DMode":false,"pivot":{"x":624.0460205078125,"y":328.4093933105469,"z":12.037683486938477},"rotation":{"x":-0.055659256875514987,"y":0.3345102071762085,"z":-0.019800538197159768,"w":-0.9405640363693237},"size":309.792236328125,"orthographic":false}